<?xml version="1.0" encoding="UTF-8"?>
<net name="C:\Documents and Settings\admin\Desktop\Workspace interlocking v4_10\Project1\Interlocking V2\Interlocking V2.pef.xml" type="PTPN" xmlns="http://www.dsi.unifi.it/PN1">
    <resource id="r1" name="CPU"/>
    <place id="p17" id_place="17" name="p17" tokens="0"/>
    <place id="p22" id_place="22" name="p22" tokens="0"/>
    <place id="p36" id_place="36" name="p36" tokens="0"/>
    <place id="p35" id_place="35" name="p35" tokens="0"/>
    <place id="p34" id_place="34" name="p34" tokens="0"/>
    <place id="p33" id_place="33" name="p33" tokens="0"/>
    <place id="p20" id_place="20" name="p20" tokens="0"/>
    <place id="p16" id_place="16" name="p16" tokens="0"/>
    <place id="p27" id_place="27" name="p27" tokens="0"/>
    <place id="p23" id_place="23" name="p23" tokens="0"/>
    <place id="p28" id_place="28" name="p28" tokens="0"/>
    <place id="p25" id_place="25" name="p25" tokens="1"/>
    <place id="p24" id_place="24" name="p24" tokens="0"/>
    <place id="p14" id_place="14" name="p14" tokens="0"/>
    <place id="p32" id_place="32" name="p32" tokens="0"/>
    <place id="p30" id_place="30" name="p30" tokens="0"/>
    <place id="p29" id_place="29" name="p29" tokens="0"/>
    <place id="p26" id_place="26" name="p26" tokens="0"/>
    <place id="p21" id_place="21" name="p21" tokens="0"/>
    <place id="p18" id_place="18" name="p18" tokens="0"/>
    <place id="p12" id_place="12" name="p12" tokens="0"/>
    <place id="p11" id_place="11" name="p11" tokens="0"/>
    <place id="p10" id_place="10" name="p10" tokens="0"/>
    <place id="p9" id_place="9" name="p9" tokens="0"/>
    <place id="p8" id_place="8" name="p8" tokens="1"/>
    <place id="p5" id_place="5" name="p5" tokens="1"/>
    <place id="p4" id_place="4" name="p4" tokens="1"/>
    <place id="p2" id_place="2" name="p2" tokens="0"/>
    <place id="p1" id_place="1" name="p1" tokens="0"/>
    <place id="p0" id_place="0" name="p0" tokens="1"/>
    <place id="p13" id_place="13" name="p13" tokens="0"/>
    <place id="p15" id_place="15" name="p15" tokens="0"/>
    <place id="p31" id_place="31" name="p31" tokens="0"/>
    <place id="p37" id_place="37" name="p37" tokens="0"/>
    <place id="p38" id_place="38" name="p38" tokens="0"/>
    <place id="p39" id_place="39" name="p39" tokens="0"/>
    <place id="p40" id_place="40" name="p40" tokens="0"/>
    <place id="p41" id_place="41" name="p41" tokens="0"/>
    <place id="p42" id_place="42" name="p42" tokens="0"/>
    <place id="p43" id_place="43" name="p43" tokens="0"/>
    <place id="p44" id_place="44" name="p44" tokens="0"/>
    <place id="p45" id_place="45" name="p45" tokens="0"/>
    <place id="p46" id_place="46" name="p46" tokens="0"/>
    <place id="p47" id_place="47" name="p47" tokens="0"/>
    <place id="p48" id_place="48" name="p48" tokens="0"/>
    <place id="p49" id_place="49" name="p49" tokens="0"/>
    <place id="p51" id_place="51" name="p51" tokens="0"/>
    <place id="p3" id_place="3" name="p3" tokens="0"/>
    <place id="p7" id_place="7" name="p7" tokens="0"/>
    <place id="p52" id_place="52" name="p52" tokens="0"/>
    <place id="p6" id_place="6" name="p6" tokens="0"/>
    <place id="p53" id_place="53" name="p53" tokens="0"/>
    <place id="p54" id_place="54" name="p54" tokens="0"/>
    <place id="p56" id_place="56" name="p56" tokens="0"/>
    <place id="p57" id_place="57" name="p57" tokens="0"/>
    <place id="p58" id_place="58" name="p58" tokens="0"/>
    <place id="p59" id_place="59" name="p59" tokens="0"/>
    <place id="p60" id_place="60" name="p60" tokens="0"/>
    <place id="p62" id_place="62" name="p62" tokens="0"/>
    <place id="p61" id_place="61" name="p61" tokens="0"/>
    <place id="p19" id_place="19" name="p19" tokens="1"/>
    <place id="p50" id_place="50" name="p50" tokens="0"/>
    <place id="p55" id_place="55" name="p55" tokens="0"/>
    <place id="p63" id_place="63" name="p63" tokens="0"/>
    <place id="p64" id_place="64" name="p64" tokens="0"/>
    <place id="p65" id_place="65" name="p65" tokens="0"/>
    <place id="p66" id_place="66" name="p66" tokens="0"/>
    <place id="p67" id_place="67" name="p67" tokens="0"/>
    <place id="p68" id_place="68" name="p68" tokens="0"/>
    <place id="p69" id_place="69" name="p69" tokens="0"/>
    <place id="p70" id_place="70" name="p70" tokens="0"/>
    <place id="p71" id_place="71" name="p71" tokens="0"/>
    <place id="p72" id_place="72" name="p72" tokens="0"/>
    <place id="p73" id_place="73" name="p73" tokens="0"/>
    <place id="p74" id_place="74" name="p74" tokens="0"/>
    <place id="p75" id_place="75" name="p75" tokens="0"/>
    <place id="p76" id_place="76" name="p76" tokens="0"/>
    <place id="p77" id_place="77" name="p77" tokens="0"/>
    <place id="p78" id_place="78" name="p78" tokens="0"/>
    <transition id="t7" id_trans="7" name="t7" type="preempted" weight="1" priority="3">
        <transition_resource ref="r1"/>
        <time EFT="0" LFT="20"/>
    </transition>
    <transition id="t11" id_trans="11" name="t11" type="preempted" weight="1" priority="2">
        <transition_resource ref="r1"/>
        <time EFT="0" LFT="20"/>
    </transition>
    <transition id="t36" id_trans="36" name="t36" type="preempted" weight="1" priority="2">
        <transition_resource ref="r1"/>
        <time EFT="0" LFT="2"/>
    </transition>
    <transition id="t35" id_trans="35" name="t35" type="preempted" weight="1" priority="2">
        <transition_resource ref="r1"/>
        <time EFT="0" LFT="2"/>
    </transition>
    <transition id="t34" id_trans="34" name="t34" type="preempted" weight="1" priority="1">
        <transition_resource ref="r1"/>
        <time EFT="0" LFT="50"/>
    </transition>
    <transition id="t33" id_trans="33" name="t33" type="preempted" weight="1" priority="1">
        <transition_resource ref="r1"/>
        <time EFT="0" LFT="2200"/>
    </transition>
    <transition id="t32" id_trans="32" name="t32" type="preempted" weight="1" priority="2">
        <transition_resource ref="r1"/>
        <time EFT="0" LFT="20"/>
    </transition>
    <transition id="t25" id_trans="25" name="t25" type="preempted" weight="1" priority="2">
        <transition_resource ref="r1"/>
        <time EFT="0" LFT="2"/>
    </transition>
    <transition id="t19" id_trans="19" name="t19" type="preempted" weight="1" priority="2">
        <transition_resource ref="r1"/>
        <time EFT="0" LFT="20"/>
    </transition>
    <transition id="t31" id_trans="31" name="t31" type="preempted" weight="1" priority="2">
        <transition_resource ref="r1"/>
        <time EFT="0" LFT="2"/>
    </transition>
    <transition id="t26" id_trans="26" name="t26" type="preempted" weight="1" priority="2">
        <transition_resource ref="r1"/>
        <time EFT="0" LFT="50"/>
    </transition>
    <transition id="t18" id_trans="18" name="t18" type="preempted" weight="1" priority="2">
        <transition_resource ref="r1"/>
        <time EFT="0" LFT="2"/>
    </transition>
    <transition id="t24" id_trans="24" name="t24" type="preempted" weight="1" priority="2">
        <transition_resource ref="r1"/>
        <time EFT="0" LFT="2"/>
    </transition>
    <transition id="t22" id_trans="22" name="t22" type="preempted" weight="1" priority="1">
        <transition_resource ref="r1"/>
        <time EFT="0" LFT="2"/>
    </transition>
    <transition id="t12" id_trans="12" name="t12" type="preempted" weight="1" priority="1">
        <time EFT="0" LFT="20"/>
    </transition>
    <transition id="t14" id_trans="14" name="t14" type="preempted" weight="1" priority="0">
        <time EFT="0" LFT="3200"/>
    </transition>
    <transition id="t30" id_trans="30" name="t30" type="preempted" weight="1" priority="2">
        <transition_resource ref="r1"/>
        <time EFT="0" LFT="20"/>
    </transition>
    <transition id="t28" id_trans="28" name="t28" type="preempted" weight="1" priority="3">
        <transition_resource ref="r1"/>
        <time EFT="0" LFT="2"/>
    </transition>
    <transition id="t27" id_trans="27" name="t27" type="preempted" weight="1" priority="3">
        <transition_resource ref="r1"/>
        <time EFT="0" LFT="40"/>
    </transition>
    <transition id="t23" id_trans="23" name="t23" type="preempted" weight="1" priority="3">
        <transition_resource ref="r1"/>
        <time EFT="0" LFT="2"/>
    </transition>
    <transition id="t17" id_trans="17" name="t17" type="preempted" weight="1" priority="3">
        <transition_resource ref="r1"/>
        <time EFT="0" LFT="100"/>
    </transition>
    <transition id="t13" id_trans="13" name="t13" type="preempted" weight="1" priority="1">
        <time EFT="0" LFT="20"/>
    </transition>
    <transition id="t16" id_trans="16" name="t16" type="preempted" weight="1" priority="1">
        <time EFT="0" LFT="20"/>
    </transition>
    <transition id="t15" id_trans="15" name="t15" type="preempted" weight="1" priority="1">
        <time EFT="0" LFT="20"/>
    </transition>
    <transition id="t10" id_trans="10" name="t10" type="preempted" weight="1" priority="2">
        <transition_resource ref="r1"/>
        <time EFT="0" LFT="20"/>
    </transition>
    <transition id="t9" id_trans="9" name="t9" type="preempted" weight="1" priority="3">
        <transition_resource ref="r1"/>
        <time EFT="0" LFT="20"/>
    </transition>
    <transition id="t8" id_trans="8" name="t8" type="preempted" weight="1" priority="2">
        <transition_resource ref="r1"/>
        <time EFT="0" LFT="20"/>
    </transition>
    <transition id="t6" id_trans="6" name="t6" type="preempted" weight="1" priority="2">
        <transition_resource ref="r1"/>
        <time EFT="0" LFT="40"/>
    </transition>
    <transition id="t5" id_trans="5" name="t5" type="preempted" weight="1" priority="3">
        <transition_resource ref="r1"/>
        <time EFT="0" LFT="2"/>
    </transition>
    <transition id="t4" id_trans="4" name="t4" type="preempted" weight="1" priority="1">
        <time EFT="0" LFT="20"/>
    </transition>
    <transition id="t3" id_trans="3" name="t3" type="preempted" weight="1" priority="3">
        <transition_resource ref="r1"/>
        <time EFT="0" LFT="2"/>
    </transition>
    <transition id="t2" id_trans="2" name="t2" type="preempted" weight="1" priority="3">
        <transition_resource ref="r1"/>
        <time EFT="0" LFT="2"/>
    </transition>
    <transition id="t1" id_trans="1" name="t1" type="preempted" weight="1" priority="3">
        <transition_resource ref="r1"/>
        <time EFT="0" LFT="2"/>
    </transition>
    <transition id="t0" id_trans="0" name="t0" type="preempted" weight="1" priority="1">
        <time EFT="0" LFT="20"/>
    </transition>
    <transition id="t37" id_trans="37" name="t37" type="preempted" weight="1" priority="2">
        <transition_resource ref="r1"/>
        <time EFT="0" LFT="20"/>
    </transition>
    <transition id="t38" id_trans="38" name="t38" type="preempted" weight="1" priority="3">
        <transition_resource ref="r1"/>
        <time EFT="0" LFT="2"/>
    </transition>
    <transition id="t39" id_trans="39" name="t39" type="preempted" weight="1" priority="3">
        <time EFT="0" LFT="20"/>
    </transition>
    <transition id="t40" id_trans="40" name="t40" type="preempted" weight="1" priority="3">
        <transition_resource ref="r1"/>
        <time EFT="0" LFT="20"/>
    </transition>
    <transition id="t41" id_trans="41" name="t41" type="preempted" weight="1" priority="3">
        <transition_resource ref="r1"/>
        <time EFT="0" LFT="2"/>
    </transition>
    <transition id="t42" id_trans="42" name="t42" type="preempted" weight="1" priority="0">
        <time EFT="0" LFT="20"/>
    </transition>
    <transition id="t43" id_trans="43" name="t43" type="preempted" weight="1" priority="0">
        <time EFT="0" LFT="20"/>
    </transition>
    <transition id="t44" id_trans="44" name="t44" type="preempted" weight="1" priority="3">
        <transition_resource ref="r1"/>
        <time EFT="0" LFT="20"/>
    </transition>
    <transition id="t45" id_trans="45" name="t45" type="preempted" weight="1" priority="0">
        <time EFT="0" LFT="20"/>
    </transition>
    <transition id="t46" id_trans="46" name="t46" type="preempted" weight="1" priority="0">
        <time EFT="0" LFT="20"/>
    </transition>
    <transition id="t47" id_trans="47" name="t47" type="preempted" weight="1" priority="3">
        <transition_resource ref="r1"/>
        <time EFT="0" LFT="2"/>
    </transition>
    <transition id="t29" id_trans="29" name="t29" type="preempted" weight="1" priority="0">
        <time EFT="0" LFT="50"/>
    </transition>
    <transition id="t48" id_trans="48" name="t48" type="preempted" weight="1" priority="0">
        <time EFT="0" LFT="50"/>
    </transition>
    <transition id="t49" id_trans="49" name="t49" type="preempted" weight="1" priority="0">
        <time EFT="0" LFT="50"/>
    </transition>
    <transition id="t50" id_trans="50" name="t50" type="preempted" weight="1" priority="0">
        <time EFT="0" LFT="20"/>
    </transition>
    <transition id="t51" id_trans="51" name="t51" type="preempted" weight="1" priority="0">
        <time EFT="0" LFT="20"/>
    </transition>
    <transition id="t52" id_trans="52" name="t52" type="preempted" weight="1" priority="3">
        <transition_resource ref="r1"/>
        <time EFT="0" LFT="20"/>
    </transition>
    <transition id="t54" id_trans="54" name="t54" type="preempted" weight="1" priority="2">
        <transition_resource ref="r1"/>
        <time EFT="0" LFT="150"/>
    </transition>
    <transition id="t55" id_trans="55" name="t55" type="preempted" weight="1" priority="1">
        <transition_resource ref="r1"/>
        <time EFT="0" LFT="2"/>
    </transition>
    <transition id="t56" id_trans="56" name="t56" type="preempted" weight="1" priority="0">
        <time EFT="0" LFT="20"/>
    </transition>
    <transition id="t57" id_trans="57" name="t57" type="preempted" weight="1" priority="0">
        <time EFT="0" LFT="20"/>
    </transition>
    <transition id="t58" id_trans="58" name="t58" type="preempted" weight="1" priority="0">
        <time EFT="0" LFT="20"/>
    </transition>
    <transition id="t53" id_trans="53" name="t53" type="preempted" weight="1" priority="0">
        <time EFT="0" LFT="20"/>
    </transition>
    <transition id="t59" id_trans="59" name="t59" type="preempted" weight="1" priority="3">
        <transition_resource ref="r1"/>
        <time EFT="0" LFT="2"/>
    </transition>
    <transition id="t61" id_trans="61" name="t61" type="preempted" weight="1" priority="0">
        <time EFT="0" LFT="20"/>
    </transition>
    <transition id="t60" id_trans="60" name="t60" type="preempted" weight="1" priority="0">
        <time EFT="0" LFT="20"/>
    </transition>
    <transition id="t62" id_trans="62" name="t62" type="preempted" weight="1" priority="3">
        <transition_resource ref="r1"/>
        <time EFT="0" LFT="20"/>
    </transition>
    <transition id="t63" id_trans="63" name="t63" type="preempted" weight="1" priority="3">
        <transition_resource ref="r1"/>
        <time EFT="0" LFT="2"/>
    </transition>
    <transition id="t64" id_trans="64" name="t64" type="preempted" weight="1" priority="0">
        <time EFT="0" LFT="20"/>
    </transition>
    <transition id="t65" id_trans="65" name="t65" type="preempted" weight="1" priority="0">
        <time EFT="0" LFT="20"/>
    </transition>
    <transition id="t66" id_trans="66" name="t66" type="preempted" weight="1" priority="3">
        <transition_resource ref="r1"/>
        <time EFT="0" LFT="2"/>
    </transition>
    <transition id="t67" id_trans="67" name="t67" type="preempted" weight="1" priority="3">
        <transition_resource ref="r1"/>
        <time EFT="0" LFT="2"/>
    </transition>
    <transition id="t20" id_trans="20" name="t20" type="preempted" weight="1" priority="3">
        <transition_resource ref="r1"/>
        <time EFT="0" LFT="2"/>
    </transition>
    <transition id="t21" id_trans="21" name="t21" type="preempted" weight="1" priority="3">
        <transition_resource ref="r1"/>
        <time EFT="0" LFT="2"/>
    </transition>
    <transition id="t68" id_trans="68" name="t68" type="preempted" weight="1" priority="3">
        <transition_resource ref="r1"/>
        <time EFT="0" LFT="2"/>
    </transition>
    <transition id="t69" id_trans="69" name="t69" type="preempted" weight="1" priority="0">
        <time EFT="0" LFT="20"/>
    </transition>
    <transition id="t70" id_trans="70" name="t70" type="preempted" weight="1" priority="0">
        <time EFT="0" LFT="20"/>
    </transition>
    <transition id="t71" id_trans="71" name="t71" type="preempted" weight="1" priority="3">
        <transition_resource ref="r1"/>
        <time EFT="0" LFT="2"/>
    </transition>
    <transition id="t72" id_trans="72" name="t72" type="preempted" weight="1" priority="3">
        <transition_resource ref="r1"/>
        <time EFT="0" LFT="2"/>
    </transition>
    <transition id="t73" id_trans="73" name="t73" type="preempted" weight="1" priority="0">
        <time EFT="0" LFT="20"/>
    </transition>
    <transition id="t74" id_trans="74" name="t74" type="preempted" weight="1" priority="3">
        <transition_resource ref="r1"/>
        <time EFT="0" LFT="2"/>
    </transition>
    <transition id="t76" id_trans="76" name="t76" type="preempted" weight="1" priority="3">
        <time EFT="0" LFT="150"/>
    </transition>
    <transition id="t77" id_trans="77" name="t77" type="preempted" weight="1" priority="0">
        <time EFT="0" LFT="150"/>
    </transition>
    <transition id="t78" id_trans="78" name="t78" type="preempted" weight="1" priority="0">
        <time EFT="0" LFT="18"/>
    </transition>
    <transition id="t79" id_trans="79" name="t79" type="preempted" weight="1" priority="0">
        <time EFT="0" LFT="18"/>
    </transition>
    <transition id="t80" id_trans="80" name="t80" type="preempted" weight="1" priority="3">
        <transition_resource ref="r1"/>
        <time EFT="0" LFT="2"/>
    </transition>
    <transition id="t75" id_trans="75" name="t75" type="preempted" weight="1" priority="3">
        <transition_resource ref="r1"/>
        <time EFT="0" LFT="2"/>
    </transition>
    <transition id="t81" id_trans="81" name="t81" type="preempted" weight="1" priority="3">
        <transition_resource ref="r1"/>
        <time EFT="0" LFT="2"/>
    </transition>
    <transition id="t82" id_trans="82" name="t82" type="preempted" weight="1" priority="2">
        <transition_resource ref="r1"/>
        <time EFT="0" LFT="2"/>
    </transition>
    <transition id="t83" id_trans="83" name="t83" type="preempted" weight="1" priority="3">
        <transition_resource ref="r1"/>
        <time EFT="0" LFT="2"/>
    </transition>
    <arc id="a104" id_arc="104" weight="1" type="pre" source="p39" destination="t7"/>
    <arc id="a31" id_arc="31" weight="1" type="post" source="t7" destination="p12"/>
    <arc id="a34" id_arc="34" weight="1" type="post" source="t7" destination="p4"/>
    <arc id="a85" id_arc="85" weight="1" type="pre" source="p44" destination="t11"/>
    <arc id="a33" id_arc="33" weight="1" type="post" source="t11" destination="p27"/>
    <arc id="a98" id_arc="98" weight="1" type="pre" source="p36" destination="t36"/>
    <arc id="a100" id_arc="100" weight="1" type="post" source="t36" destination="p25"/>
    <arc id="a99" id_arc="99" weight="1" type="post" source="t36" destination="p21"/>
    <arc id="a96" id_arc="96" weight="1" type="pre" source="p35" destination="t35"/>
    <arc id="a97" id_arc="97" weight="1" type="post" source="t35" destination="p36"/>
    <arc id="a93" id_arc="93" weight="1" type="pre" source="p34" destination="t34"/>
    <arc id="a95" id_arc="95" weight="1" type="pre" source="p25" destination="t34"/>
    <arc id="a94" id_arc="94" weight="1" type="post" source="t34" destination="p35"/>
    <arc id="a91" id_arc="91" weight="1" type="pre" source="p28" destination="t33"/>
    <arc id="a92" id_arc="92" weight="1" type="post" source="t33" destination="p34"/>
    <arc id="a89" id_arc="89" weight="1" type="pre" source="p33" destination="t32"/>
    <arc id="a90" id_arc="90" weight="1" type="post" source="t32" destination="p23"/>
    <arc id="a77" id_arc="77" weight="1" type="pre" source="p24" destination="t25"/>
    <arc id="a84" id_arc="84" weight="1" type="post" source="t25" destination="p20"/>
    <arc id="a65" id_arc="65" weight="1" type="pre" source="p16" destination="t19"/>
    <arc id="a67" id_arc="67" weight="1" type="post" source="t19" destination="p27"/>
    <arc id="a66" id_arc="66" weight="1" type="post" source="t19" destination="p25"/>
    <arc id="a61" id_arc="61" weight="1" type="pre" source="p23" destination="t31"/>
    <arc id="a64" id_arc="64" weight="1" type="post" source="t31" destination="p16"/>
    <arc id="a117" id_arc="117" weight="1" type="pre" source="p43" destination="t26"/>
    <arc id="a54" id_arc="54" weight="1" type="post" source="t26" destination="p22"/>
    <arc id="a52" id_arc="52" weight="1" type="pre" source="p25" destination="t18"/>
    <arc id="a125" id_arc="125" weight="1" type="pre" source="p49" destination="t18"/>
    <arc id="a58" id_arc="58" weight="1" type="post" source="t18" destination="p33"/>
    <arc id="a87" id_arc="87" weight="1" type="pre" source="p20" destination="t24"/>
    <arc id="a83" id_arc="83" weight="1" type="post" source="t24" destination="p28"/>
    <arc id="a76" id_arc="76" weight="1" type="post" source="t24" destination="p25"/>
    <arc id="a78" id_arc="78" weight="1" type="pre" source="p25" destination="t22"/>
    <arc id="a204" id_arc="204" weight="1" type="pre" source="p77" destination="t22"/>
    <arc id="a75" id_arc="75" weight="1" type="post" source="t22" destination="p24"/>
    <arc id="a49" id_arc="49" weight="1" type="pre" source="p2" destination="t12"/>
    <arc id="a129" id_arc="129" weight="1" type="inib" source="p3" destination="t12"/>
    <arc id="a140" id_arc="140" weight="1" type="inib" source="p7" destination="t12"/>
    <arc id="a51" id_arc="51" weight="1" type="post" source="t12" destination="p11"/>
    <arc id="a39" id_arc="39" weight="1" type="post" source="t12" destination="p3"/>
    <arc id="a46" id_arc="46" weight="1" type="pre" source="p14" destination="t14"/>
    <arc id="a37" id_arc="37" weight="1" type="post" source="t14" destination="p75"/>
    <arc id="a79" id_arc="79" weight="1" type="pre" source="p5" destination="t30"/>
    <arc id="a196" id_arc="196" weight="1" type="pre" source="p73" destination="t30"/>
    <arc id="a17" id_arc="17" weight="1" type="post" source="t30" destination="p32"/>
    <arc id="a25" id_arc="25" weight="1" type="pre" source="p30" destination="t28"/>
    <arc id="a16" id_arc="16" weight="1" type="post" source="t28" destination="p5"/>
    <arc id="a47" id_arc="47" weight="1" type="post" source="t28" destination="p70"/>
    <arc id="a80" id_arc="80" weight="1" type="pre" source="p4" destination="t27"/>
    <arc id="a197" id_arc="197" weight="1" type="pre" source="p74" destination="t27"/>
    <arc id="a69" id_arc="69" weight="1" type="post" source="t27" destination="p15"/>
    <arc id="a26" id_arc="26" weight="1" type="pre" source="p26" destination="t23"/>
    <arc id="a72" id_arc="72" weight="1" type="post" source="t23" destination="p4"/>
    <arc id="a29" id_arc="29" weight="1" type="post" source="t23" destination="p27"/>
    <arc id="a43" id_arc="43" weight="1" type="pre" source="p48" destination="t17"/>
    <arc id="a44" id_arc="44" weight="1" type="post" source="t17" destination="p18"/>
    <arc id="a148" id_arc="148" weight="1" type="post" source="t17" destination="p54"/>
    <arc id="a149" id_arc="149" weight="1" type="post" source="t17" destination="p70"/>
    <arc id="a40" id_arc="40" weight="1" type="pre" source="p17" destination="t13"/>
    <arc id="a41" id_arc="41" weight="1" type="post" source="t13" destination="p11"/>
    <arc id="a5" id_arc="5" weight="1" type="pre" source="p2" destination="t16"/>
    <arc id="a139" id_arc="139" weight="1" type="inib" source="p3" destination="t16"/>
    <arc id="a141" id_arc="141" weight="1" type="inib" source="p7" destination="t16"/>
    <arc id="a38" id_arc="38" weight="1" type="post" source="t16" destination="p78"/>
    <arc id="a11" id_arc="11" weight="1" type="pre" source="p17" destination="t15"/>
    <arc id="a32" id_arc="32" weight="1" type="post" source="t15" destination="p11"/>
    <arc id="a138" id_arc="138" weight="1" type="post" source="t15" destination="p3"/>
    <arc id="a20" id_arc="20" weight="1" type="pre" source="p10" destination="t10"/>
    <arc id="a36" id_arc="36" weight="1" type="post" source="t10" destination="p13"/>
    <arc id="a105" id_arc="105" weight="1" type="pre" source="p41" destination="t9"/>
    <arc id="a19" id_arc="19" weight="1" type="post" source="t9" destination="p10"/>
    <arc id="a18" id_arc="18" weight="1" type="post" source="t9" destination="p5"/>
    <arc id="a86" id_arc="86" weight="1" type="pre" source="p45" destination="t8"/>
    <arc id="a23" id_arc="23" weight="1" type="post" source="t8" destination="p9"/>
    <arc id="a30" id_arc="30" weight="1" type="pre" source="p9" destination="t6"/>
    <arc id="a27" id_arc="27" weight="1" type="pre" source="p4" destination="t6"/>
    <arc id="a24" id_arc="24" weight="1" type="post" source="t6" destination="p31"/>
    <arc id="a12" id_arc="12" weight="1" type="pre" source="p11" destination="t5"/>
    <arc id="a13" id_arc="13" weight="1" type="pre" source="p5" destination="t5"/>
    <arc id="a15" id_arc="15" weight="1" type="post" source="t5" destination="p37"/>
    <arc id="a4" id_arc="4" weight="1" type="pre" source="p2" destination="t4"/>
    <arc id="a9" id_arc="9" weight="1" type="post" source="t4" destination="p11"/>
    <arc id="a136" id_arc="136" weight="1" type="pre" source="p52" destination="t3"/>
    <arc id="a187" id_arc="187" weight="1" type="post" source="t3" destination="p68"/>
    <arc id="a68" id_arc="68" weight="1" type="pre" source="p51" destination="t2"/>
    <arc id="a133" id_arc="133" weight="1" type="post" source="t2" destination="p7"/>
    <arc id="a6" id_arc="6" weight="1" type="post" source="t2" destination="p6"/>
    <arc id="a2" id_arc="2" weight="1" type="pre" source="p1" destination="t1"/>
    <arc id="a3" id_arc="3" weight="1" type="post" source="t1" destination="p2"/>
    <arc id="a10" id_arc="10" weight="1" type="pre" source="p12" destination="t0"/>
    <arc id="a1" id_arc="1" weight="1" type="post" source="t0" destination="p1"/>
    <arc id="a48" id_arc="48" weight="1" type="pre" source="p13" destination="t37"/>
    <arc id="a50" id_arc="50" weight="1" type="post" source="t37" destination="p72"/>
    <arc id="a103" id_arc="103" weight="1" type="pre" source="p38" destination="t38"/>
    <arc id="a53" id_arc="53" weight="1" type="post" source="t38" destination="p4"/>
    <arc id="a55" id_arc="55" weight="1" type="post" source="t38" destination="p46"/>
    <arc id="a70" id_arc="70" weight="1" type="pre" source="p15" destination="t39"/>
    <arc id="a71" id_arc="71" weight="1" type="post" source="t39" destination="p29"/>
    <arc id="a73" id_arc="73" weight="1" type="pre" source="p31" destination="t40"/>
    <arc id="a74" id_arc="74" weight="1" type="post" source="t40" destination="p26"/>
    <arc id="a81" id_arc="81" weight="1" type="pre" source="p37" destination="t41"/>
    <arc id="a88" id_arc="88" weight="1" type="post" source="t41" destination="p30"/>
    <arc id="a14" id_arc="14" weight="1" type="pre" source="p29" destination="t42"/>
    <arc id="a101" id_arc="101" weight="1" type="post" source="t42" destination="p38"/>
    <arc id="a82" id_arc="82" weight="1" type="pre" source="p29" destination="t43"/>
    <arc id="a102" id_arc="102" weight="1" type="post" source="t43" destination="p39"/>
    <arc id="a28" id_arc="28" weight="1" type="pre" source="p40" destination="t44"/>
    <arc id="a112" id_arc="112" weight="1" type="post" source="t44" destination="p5"/>
    <arc id="a113" id_arc="113" weight="1" type="post" source="t44" destination="p13"/>
    <arc id="a110" id_arc="110" weight="1" type="pre" source="p42" destination="t45"/>
    <arc id="a107" id_arc="107" weight="1" type="post" source="t45" destination="p40"/>
    <arc id="a111" id_arc="111" weight="1" type="pre" source="p42" destination="t46"/>
    <arc id="a106" id_arc="106" weight="1" type="post" source="t46" destination="p41"/>
    <arc id="a108" id_arc="108" weight="1" type="pre" source="p32" destination="t47"/>
    <arc id="a109" id_arc="109" weight="1" type="post" source="t47" destination="p42"/>
    <arc id="a8" id_arc="8" weight="1" type="pre" source="p27" destination="t29"/>
    <arc id="a114" id_arc="114" weight="1" type="post" source="t29" destination="p45"/>
    <arc id="a21" id_arc="21" weight="1" type="pre" source="p27" destination="t48"/>
    <arc id="a22" id_arc="22" weight="1" type="post" source="t48" destination="p44"/>
    <arc id="a115" id_arc="115" weight="1" type="pre" source="p27" destination="t49"/>
    <arc id="a116" id_arc="116" weight="1" type="post" source="t49" destination="p43"/>
    <arc id="a118" id_arc="118" weight="1" type="pre" source="p46" destination="t50"/>
    <arc id="a147" id_arc="147" weight="1" type="inib" source="p54" destination="t50"/>
    <arc id="a63" id_arc="63" weight="1" type="post" source="t50" destination="p48"/>
    <arc id="a119" id_arc="119" weight="1" type="pre" source="p46" destination="t51"/>
    <arc id="a120" id_arc="120" weight="1" type="post" source="t51" destination="p47"/>
    <arc id="a121" id_arc="121" weight="1" type="pre" source="p47" destination="t52"/>
    <arc id="a122" id_arc="122" weight="1" type="post" source="t52" destination="p70"/>
    <arc id="a126" id_arc="126" weight="1" type="pre" source="p8" destination="t54"/>
    <arc id="a45" id_arc="45" weight="1" type="post" source="t54" destination="p49"/>
    <arc id="a57" id_arc="57" weight="1" type="pre" source="p21" destination="t55"/>
    <arc id="a59" id_arc="59" weight="1" type="pre" source="p19" destination="t55"/>
    <arc id="a60" id_arc="60" weight="1" type="post" source="t55" destination="p50"/>
    <arc id="a7" id_arc="7" weight="1" type="pre" source="p3" destination="t56"/>
    <arc id="a132" id_arc="132" weight="1" type="inib" source="p7" destination="t56"/>
    <arc id="a202" id_arc="202" weight="1" type="pre" source="p76" destination="t56"/>
    <arc id="a42" id_arc="42" weight="1" type="post" source="t56" destination="p51"/>
    <arc id="a134" id_arc="134" weight="1" type="pre" source="p7" destination="t57"/>
    <arc id="a124" id_arc="124" weight="1" type="pre" source="p6" destination="t57"/>
    <arc id="a135" id_arc="135" weight="1" type="post" source="t57" destination="p52"/>
    <arc id="a142" id_arc="142" weight="1" type="pre" source="p2" destination="t58"/>
    <arc id="a143" id_arc="143" weight="1" type="pre" source="p3" destination="t58"/>
    <arc id="a144" id_arc="144" weight="1" type="post" source="t58" destination="p11"/>
    <arc id="a130" id_arc="130" weight="1" type="pre" source="p6" destination="t53"/>
    <arc id="a145" id_arc="145" weight="1" type="post" source="t53" destination="p53"/>
    <arc id="a146" id_arc="146" weight="1" type="pre" source="p53" destination="t59"/>
    <arc id="a188" id_arc="188" weight="1" type="post" source="t59" destination="p68"/>
    <arc id="a123" id_arc="123" weight="1" type="pre" source="p68" destination="t61"/>
    <arc id="a0" id_arc="0" weight="1" type="post" source="t61" destination="p56"/>
    <arc id="a154" id_arc="154" weight="1" type="pre" source="p54" destination="t60"/>
    <arc id="a151" id_arc="151" weight="1" type="pre" source="p68" destination="t60"/>
    <arc id="a153" id_arc="153" weight="1" type="post" source="t60" destination="p57"/>
    <arc id="a155" id_arc="155" weight="1" type="pre" source="p56" destination="t62"/>
    <arc id="a166" id_arc="166" weight="1" type="post" source="t62" destination="p61"/>
    <arc id="a156" id_arc="156" weight="1" type="pre" source="p57" destination="t63"/>
    <arc id="a172" id_arc="172" weight="1" type="pre" source="p19" destination="t63"/>
    <arc id="a157" id_arc="157" weight="1" type="post" source="t63" destination="p64"/>
    <arc id="a158" id_arc="158" weight="1" type="pre" source="p62" destination="t64"/>
    <arc id="a174" id_arc="174" weight="1" type="inib" source="p63" destination="t64"/>
    <arc id="a159" id_arc="159" weight="1" type="post" source="t64" destination="p58"/>
    <arc id="a162" id_arc="162" weight="1" type="pre" source="p62" destination="t65"/>
    <arc id="a173" id_arc="173" weight="1" type="pre" source="p63" destination="t65"/>
    <arc id="a163" id_arc="163" weight="1" type="post" source="t65" destination="p59"/>
    <arc id="a160" id_arc="160" weight="1" type="pre" source="p58" destination="t66"/>
    <arc id="a161" id_arc="161" weight="1" type="post" source="t66" destination="p54"/>
    <arc id="a167" id_arc="167" weight="1" type="post" source="t66" destination="p61"/>
    <arc id="a176" id_arc="176" weight="1" type="post" source="t66" destination="p19"/>
    <arc id="a164" id_arc="164" weight="1" type="pre" source="p59" destination="t67"/>
    <arc id="a165" id_arc="165" weight="1" type="post" source="t67" destination="p60"/>
    <arc id="a175" id_arc="175" weight="1" type="post" source="t67" destination="p19"/>
    <arc id="a62" id_arc="62" weight="1" type="pre" source="p50" destination="t20"/>
    <arc id="a127" id_arc="127" weight="1" type="post" source="t20" destination="p55"/>
    <arc id="a169" id_arc="169" weight="1" type="post" source="t20" destination="p63"/>
    <arc id="a128" id_arc="128" weight="1" type="pre" source="p55" destination="t21"/>
    <arc id="a168" id_arc="168" weight="1" type="post" source="t21" destination="p19"/>
    <arc id="a170" id_arc="170" weight="1" type="pre" source="p64" destination="t68"/>
    <arc id="a171" id_arc="171" weight="1" type="post" source="t68" destination="p62"/>
    <arc id="a177" id_arc="177" weight="1" type="pre" source="p60" destination="t69"/>
    <arc id="a178" id_arc="178" weight="1" type="post" source="t69" destination="p65"/>
    <arc id="a180" id_arc="180" weight="1" type="pre" source="p60" destination="t70"/>
    <arc id="a181" id_arc="181" weight="1" type="post" source="t70" destination="p66"/>
    <arc id="a179" id_arc="179" weight="1" type="pre" source="p65" destination="t71"/>
    <arc id="a184" id_arc="184" weight="1" type="post" source="t71" destination="p61"/>
    <arc id="a182" id_arc="182" weight="1" type="pre" source="p66" destination="t72"/>
    <arc id="a183" id_arc="183" weight="1" type="post" source="t72" destination="p67"/>
    <arc id="a201" id_arc="201" weight="1" type="pre" source="p76" destination="t73"/>
    <arc id="a152" id_arc="152" weight="1" type="post" source="t73" destination="p69"/>
    <arc id="a185" id_arc="185" weight="1" type="pre" source="p69" destination="t74"/>
    <arc id="a186" id_arc="186" weight="1" type="post" source="t74" destination="p6"/>
    <arc id="a191" id_arc="191" weight="1" type="pre" source="p71" destination="t76"/>
    <arc id="a192" id_arc="192" weight="1" type="post" source="t76" destination="p0"/>
    <arc id="a193" id_arc="193" weight="1" type="pre" source="p72" destination="t77"/>
    <arc id="a194" id_arc="194" weight="1" type="post" source="t77" destination="p8"/>
    <arc id="a56" id_arc="56" weight="1" type="pre" source="p22" destination="t78"/>
    <arc id="a195" id_arc="195" weight="1" type="post" source="t78" destination="p73"/>
    <arc id="a198" id_arc="198" weight="1" type="pre" source="p61" destination="t79"/>
    <arc id="a150" id_arc="150" weight="1" type="post" source="t79" destination="p74"/>
    <arc id="a199" id_arc="199" weight="1" type="pre" source="p75" destination="t80"/>
    <arc id="a200" id_arc="200" weight="1" type="post" source="t80" destination="p17"/>
    <arc id="a189" id_arc="189" weight="1" type="pre" source="p70" destination="t75"/>
    <arc id="a190" id_arc="190" weight="1" type="post" source="t75" destination="p71"/>
    <arc id="a131" id_arc="131" weight="1" type="pre" source="p0" destination="t81"/>
    <arc id="a137" id_arc="137" weight="1" type="post" source="t81" destination="p76"/>
    <arc id="a35" id_arc="35" weight="1" type="pre" source="p18" destination="t82"/>
    <arc id="a203" id_arc="203" weight="1" type="post" source="t82" destination="p77"/>
    <arc id="a205" id_arc="205" weight="1" type="pre" source="p78" destination="t83"/>
    <arc id="a206" id_arc="206" weight="1" type="post" source="t83" destination="p14"/>
</net>